date,cpi,gs10,indpro,tb3ms,unrate,usrec
1953-04-01,26.69,2.83,19.5494,2.19,2.7,0
1953-05-01,26.7,3.05,19.6571,2.16,2.5,0
1953-06-01,26.77,3.11,19.5763,2.11,2.5,0
1953-07-01,26.79,2.93,19.8187,2.04,2.6,0
1953-08-01,26.85,2.95,19.7109,2.04,2.7,1
1953-09-01,26.89,2.87,19.307,1.79,2.9,1
1953-10-01,26.95,2.66,19.1455,1.38,3.1,1
1953-11-01,26.85,2.68,18.6877,1.44,3.5,1
1953-12-01,26.87,2.59,18.2299,1.6,4.5,1
1954-01-01,26.94,2.48,18.0953,1.18,4.9,1
1954-02-01,26.99,2.47,18.1492,0.97,5.2,1
1954-03-01,26.93,2.37,18.0414,1.03,5.7,1
1954-04-01,26.86,2.29,17.9337,0.97,5.9,1
1954-05-01,26.93,2.37,18.0414,0.76,5.9,1
1954-06-01,26.94,2.38,18.0953,0.64,5.6,0
1954-07-01,26.86,2.3,18.1222,0.72,5.8,0
1954-08-01,26.85,2.36,18.0953,0.92,6.0,0
1954-09-01,26.81,2.38,18.1222,1.01,6.1,0
1954-10-01,26.72,2.43,18.3377,0.98,5.7,0
1954-11-01,26.78,2.48,18.6338,0.93,5.3,0
1954-12-01,26.77,2.51,18.8762,1.15,5.0,0
1955-01-01,26.77,2.61,19.307,1.22,4.9,0
1955-02-01,26.82,2.65,19.5494,1.17,4.7,0
1955-03-01,26.79,2.68,20.0071,1.28,4.6,0
1955-04-01,26.79,2.75,20.2495,1.59,4.7,0
1955-05-01,26.77,2.76,20.5726,1.45,4.3,0
1955-06-01,26.71,2.78,20.5996,1.41,4.2,0
1955-07-01,26.76,2.9,20.7611,1.6,4.0,0
1955-08-01,26.72,2.97,20.7342,1.9,4.2,0
1955-09-01,26.85,2.97,20.8688,2.07,4.1,0
1955-10-01,26.82,2.88,21.2189,2.23,4.3,0
1955-11-01,26.88,2.89,21.2727,2.24,4.2,0
1955-12-01,26.87,2.96,21.3535,2.54,4.2,0
1956-01-01,26.83,2.9,21.4882,2.41,4.0,0
1956-02-01,26.86,2.84,21.2997,2.32,3.9,0
1956-03-01,26.89,2.96,21.2997,2.25,4.2,0
1956-04-01,26.93,3.18,21.4612,2.6,4.0,0
1956-05-01,27.03,3.07,21.2728,2.61,4.3,0
1956-06-01,27.15,3.0,21.0843,2.49,4.3,0
1956-07-01,27.29,3.11,20.438,2.31,4.4,0
1956-08-01,27.31,3.33,21.2727,2.6,4.1,0
1956-09-01,27.35,3.38,21.7574,2.84,3.9,0
1956-10-01,27.51,3.34,21.9459,2.9,3.9,0
1956-11-01,27.51,3.49,21.7574,2.99,4.3,0
1956-12-01,27.63,3.59,22.0806,3.21,4.2,0
1957-01-01,27.67,3.46,21.9998,3.11,4.2,0
1957-02-01,27.8,3.34,22.2152,3.1,3.9,0
1957-03-01,27.86,3.41,22.1883,3.08,3.7,0
1957-04-01,27.93,3.48,21.8921,3.07,3.9,0
1957-05-01,28.0,3.6,21.8113,3.06,4.1,0
1957-06-01,28.11,3.8,21.8652,3.29,4.3,0
1957-07-01,28.19,3.93,21.9998,3.16,4.2,0
1957-08-01,28.28,3.93,21.9998,3.37,4.1,0
1957-09-01,28.32,3.92,21.8113,3.53,4.4,1
1957-10-01,28.32,3.97,21.4882,3.58,4.5,1
1957-11-01,28.41,3.72,20.9765,3.31,5.1,1
1957-12-01,28.47,3.21,20.5726,3.04,5.2,1
1958-01-01,28.64,3.09,20.1956,2.44,5.8,1
1958-02-01,28.7,3.05,19.7648,1.53,6.4,1
1958-03-01,28.87,2.98,19.5225,1.3,6.7,1
1958-04-01,28.94,2.88,19.1993,1.13,7.4,1
1958-05-01,28.94,2.92,19.3878,0.91,7.4,0
1958-06-01,28.91,2.97,19.8994,0.83,7.3,0
1958-07-01,28.89,3.2,20.1956,0.91,7.5,0
1958-08-01,28.94,3.54,20.5995,1.69,7.4,0
1958-09-01,28.91,3.76,20.7881,2.44,7.1,0
1958-10-01,28.91,3.8,21.0304,2.63,6.7,0
1958-11-01,28.95,3.74,21.6497,2.67,6.2,0
1958-12-01,28.97,3.86,21.6767,2.77,6.2,0
1959-01-01,29.01,4.02,21.9998,2.82,6.0,0
1959-02-01,29.0,3.96,22.4306,2.7,5.9,0
1959-03-01,28.97,3.99,22.7538,2.8,5.6,0
1959-04-01,28.98,4.12,23.2384,2.95,5.2,0
1959-05-01,29.04,4.31,23.5885,2.84,5.1,0
1959-06-01,29.11,4.34,23.6155,3.21,5.0,0
1959-07-01,29.15,4.4,23.05,3.2,5.1,0
1959-08-01,29.18,4.43,22.2691,3.38,5.2,0
1959-09-01,29.25,4.68,22.2421,4.04,5.5,0
1959-10-01,29.35,4.53,22.0806,4.05,5.7,0
1959-11-01,29.35,4.53,22.2152,4.15,5.8,0
1959-12-01,29.41,4.69,23.5885,4.49,5.3,0
1960-01-01,29.37,4.72,24.2078,4.35,5.2,0
1960-02-01,29.41,4.49,23.9924,3.96,4.8,0
1960-03-01,29.41,4.25,23.777,3.31,5.4,0
1960-04-01,29.54,4.28,23.5885,3.23,5.2,0
1960-05-01,29.57,4.35,23.5616,3.29,5.1,1
1960-06-01,29.61,4.15,23.2654,2.46,5.4,1
1960-07-01,29.55,3.9,23.1846,2.3,5.5,1
1960-08-01,29.61,3.8,23.1577,2.3,5.6,1
1960-09-01,29.61,3.8,22.9153,2.48,5.5,1
1960-10-01,29.75,3.89,22.8884,2.3,6.1,1
1960-11-01,29.78,3.93,22.5653,2.37,6.1,1
1960-12-01,29.81,3.84,22.1344,2.25,6.6,1
1961-01-01,29.84,3.84,22.1613,2.24,6.6,1
1961-02-01,29.84,3.78,22.1344,2.42,6.9,1
1961-03-01,29.84,3.74,22.2691,2.39,6.9,0
1961-04-01,29.81,3.78,22.7268,2.29,7.0,0
1961-05-01,29.84,3.71,23.0769,2.29,7.1,0
1961-06-01,29.84,3.88,23.4,2.33,6.9,0
1961-07-01,29.92,3.92,23.6693,2.24,7.0,0
1961-08-01,29.94,4.04,23.8847,2.39,6.6,0
1961-09-01,29.98,3.98,23.8578,2.28,6.7,0
1961-10-01,29.98,3.92,24.3156,2.3,6.5,0
1961-11-01,29.98,3.94,24.6926,2.48,6.1,0
1961-12-01,30.01,4.06,24.908,2.6,6.0,0
1962-01-01,30.04,4.08,24.6925,2.72,5.8,0
1962-02-01,30.11,4.04,25.0964,2.73,5.5,0
1962-03-01,30.17,3.93,25.2311,2.72,5.6,0
1962-04-01,30.21,3.84,25.285,2.73,5.6,0
1962-05-01,30.24,3.87,25.258,2.69,5.5,0
1962-06-01,30.21,3.91,25.2042,2.73,5.5,0
1962-07-01,30.22,4.01,25.4465,2.92,5.4,0
1962-08-01,30.28,3.98,25.4734,2.82,5.7,0
1962-09-01,30.42,3.98,25.635,2.78,5.6,0
1962-10-01,30.38,3.93,25.6619,2.74,5.4,0
1962-11-01,30.38,3.92,25.7696,2.83,5.7,0
1962-12-01,30.38,3.86,25.7696,2.87,5.5,0
1963-01-01,30.44,3.83,25.9581,2.91,5.7,0
1963-02-01,30.48,3.92,26.2544,2.92,5.9,0
1963-03-01,30.51,3.93,26.4159,2.89,5.7,0
1963-04-01,30.48,3.97,26.6582,2.9,5.7,0
1963-05-01,30.51,3.93,26.9814,2.93,5.9,0
1963-06-01,30.61,3.99,27.0622,2.99,5.6,0
1963-07-01,30.69,4.02,26.9545,3.18,5.6,0
1963-08-01,30.75,4.0,27.0083,3.32,5.4,0
1963-09-01,30.72,4.08,27.2776,3.38,5.5,0
1963-10-01,30.75,4.11,27.4661,3.45,5.5,0
1963-11-01,30.78,4.12,27.6007,3.52,5.7,0
1963-12-01,30.88,4.13,27.5469,3.52,5.5,0
1964-01-01,30.94,4.17,27.7892,3.52,5.6,0
1964-02-01,30.91,4.15,27.9777,3.53,5.4,0
1964-03-01,30.94,4.22,27.9777,3.54,5.4,0
1964-04-01,30.95,4.23,28.4355,3.47,5.3,0
1964-05-01,30.98,4.2,28.597,3.48,5.1,0
1964-06-01,31.01,4.17,28.6778,3.48,5.2,0
1964-07-01,31.02,4.19,28.8663,3.46,4.9,0
1964-08-01,31.05,4.19,29.0548,3.5,5.0,0
1964-09-01,31.08,4.2,29.1625,3.53,5.1,0
1964-10-01,31.12,4.19,28.7586,3.57,5.1,0
1964-11-01,31.21,4.15,29.6472,3.64,4.8,0
1964-12-01,31.25,4.18,29.9973,3.84,5.0,0
1965-01-01,31.28,4.19,30.3204,3.81,4.9,0
1965-02-01,31.28,4.21,30.5089,3.93,5.1,0
1965-03-01,31.31,4.21,30.9128,3.93,4.7,0
1965-04-01,31.38,4.2,31.0474,3.93,4.8,0
1965-05-01,31.48,4.21,31.2898,3.89,4.6,0
1965-06-01,31.61,4.21,31.5321,3.8,4.6,0
1965-07-01,31.58,4.2,31.8283,3.84,4.4,0
1965-08-01,31.55,4.25,31.963,3.84,4.4,0
1965-09-01,31.62,4.29,32.0438,3.92,4.3,0
1965-10-01,31.65,4.35,32.3669,4.03,4.2,0
1965-11-01,31.75,4.45,32.5015,4.09,4.1,0
1965-12-01,31.85,4.62,32.9054,4.38,4.0,0
1966-01-01,31.88,4.61,33.2286,4.59,4.0,0
1966-02-01,32.08,4.83,33.444,4.65,3.8,0
1966-03-01,32.18,4.87,33.9018,4.59,3.8,0
1966-04-01,32.28,4.75,33.9556,4.62,3.8,0
1966-05-01,32.35,4.78,34.2787,4.64,3.9,0
1966-06-01,32.38,4.81,34.4403,4.5,3.8,0
1966-07-01,32.45,5.02,34.6288,4.8,3.8,0
1966-08-01,32.65,5.22,34.6557,4.96,3.8,0
1966-09-01,32.75,5.18,34.9789,5.37,3.7,0
1966-10-01,32.85,5.01,35.2212,5.35,3.7,0
1966-11-01,32.88,5.16,34.9788,5.32,3.6,0
1966-12-01,32.92,4.84,35.0596,4.96,3.8,0
1967-01-01,32.9,4.58,35.225,4.72,3.9,0
1967-02-01,33.0,4.63,34.8255,4.56,3.8,0
1967-03-01,33.0,4.54,34.6292,4.26,3.8,0
1967-04-01,33.1,4.59,34.9558,3.84,3.8,0
1967-05-01,33.1,4.85,34.6508,3.6,3.8,0
1967-06-01,33.3,5.02,34.6465,3.54,3.9,0
1967-07-01,33.4,5.16,34.5676,4.21,3.8,0
1967-08-01,33.5,5.28,35.2299,4.27,3.8,0
1967-09-01,33.6,5.3,35.1727,4.42,3.8,0
1967-10-01,33.7,5.48,35.4591,4.56,4.0,0
1967-11-01,33.9,5.75,35.9663,4.73,3.9,0
1967-12-01,34.0,5.7,36.3536,4.97,3.8,0
1968-01-01,34.1,5.53,36.3145,5.0,3.7,0
1968-02-01,34.2,5.56,36.4446,4.98,3.8,0
1968-03-01,34.3,5.74,36.5584,5.17,3.7,0
1968-04-01,34.4,5.64,36.6113,5.38,3.5,0
1968-05-01,34.5,5.87,37.022,5.66,3.5,0
1968-06-01,34.7,5.72,37.158,5.52,3.7,0
1968-07-01,34.9,5.5,37.101,5.31,3.7,0
1968-08-01,35.0,5.42,37.2045,5.09,3.5,0
1968-09-01,35.1,5.46,37.3454,5.19,3.4,0
1968-10-01,35.3,5.58,37.4196,5.35,3.4,0
1968-11-01,35.4,5.7,37.9036,5.45,3.4,0
1968-12-01,35.6,6.03,38.0233,5.96,3.4,0
1969-01-01,35.7,6.04,38.2533,6.14,3.4,0
1969-02-01,35.8,6.19,38.4981,6.12,3.4,0
1969-03-01,36.1,6.3,38.8,6.02,3.4,0
1969-04-01,36.3,6.17,38.6573,6.11,3.4,0
1969-05-01,36.4,6.32,38.5111,6.04,3.4,0
1969-06-01,36.6,6.57,38.8874,6.44,3.5,0
1969-07-01,36.8,6.72,39.0927,7.0,3.5,0
1969-08-01,36.9,6.69,39.1825,6.98,3.5,0
1969-09-01,37.1,7.16,39.1737,7.09,3.7,0
1969-10-01,37.3,7.1,39.1852,7.0,3.7,0
1969-11-01,37.5,7.14,38.8158,7.24,3.5,0
1969-12-01,37.7,7.65,38.7116,7.82,3.5,0
1970-01-01,37.9,7.79,37.9948,7.87,3.9,1
1970-02-01,38.1,7.24,37.9698,7.13,4.2,1
1970-03-01,38.3,7.07,37.9205,6.63,4.4,1
1970-04-01,38.5,7.39,37.823,6.51,4.6,1
1970-05-01,38.6,7.91,37.7789,6.84,4.8,1
1970-06-01,38.8,7.84,37.6567,6.68,4.9,1
1970-07-01,38.9,7.46,37.7491,6.45,5.0,1
1970-08-01,39.0,7.53,37.6818,6.41,5.1,1
1970-09-01,39.2,7.39,37.4221,6.12,5.4,1
1970-10-01,39.4,7.33,36.6735,5.91,5.5,1
1970-11-01,39.6,6.84,36.4514,5.28,5.9,1
1970-12-01,39.8,6.39,37.2885,4.87,6.1,0
1971-01-01,39.9,6.24,37.5753,4.44,5.9,0
1971-02-01,39.9,6.11,37.5037,3.7,5.9,0
1971-03-01,40.0,5.7,37.4631,3.38,6.0,0
1971-04-01,40.1,5.83,37.6735,3.86,5.9,0
1971-05-01,40.3,6.39,37.8646,4.14,5.9,0
1971-06-01,40.5,6.52,38.0234,4.75,5.9,0
1971-07-01,40.6,6.73,37.9131,5.4,6.0,0
1971-08-01,40.7,6.58,37.693,4.94,6.1,0
1971-09-01,40.8,6.14,38.3056,4.69,6.0,0
1971-10-01,40.9,5.93,38.5924,4.46,5.8,0
1971-11-01,41.0,5.81,38.7561,4.22,6.0,0
1971-12-01,41.1,5.93,39.2035,4.01,6.0,0
1972-01-01,41.2,5.95,40.1408,3.38,5.8,0
1972-02-01,41.4,6.08,40.5459,3.2,5.7,0
1972-03-01,41.4,6.07,40.8263,3.73,5.8,0
1972-04-01,41.5,6.19,41.2348,3.71,5.7,0
1972-05-01,41.6,6.13,41.2405,3.69,5.7,0
1972-06-01,41.7,6.11,41.3497,3.91,5.7,0
1972-07-01,41.8,6.11,41.3035,3.98,5.6,0
1972-08-01,41.9,6.21,41.879,4.02,5.6,0
1972-09-01,42.1,6.55,42.2132,4.66,5.5,0
1972-10-01,42.2,6.48,42.7494,4.74,5.6,0
1972-11-01,42.4,6.28,43.2548,4.78,5.3,0
1972-12-01,42.5,6.36,43.7367,5.07,5.2,0
1973-01-01,42.7,6.46,44.0529,5.41,4.9,0
1973-02-01,43.0,6.64,44.6827,5.6,5.0,0
1973-03-01,43.4,6.71,44.7045,6.09,4.9,0
1973-04-01,43.7,6.67,44.6387,6.26,5.0,0
1973-05-01,43.9,6.85,44.9429,6.36,4.9,0
1973-06-01,44.2,6.9,45.0035,7.19,4.9,0
1973-07-01,44.2,7.13,45.1636,8.01,4.8,0
1973-08-01,45.0,7.4,45.1019,8.67,4.8,0
1973-09-01,45.2,7.09,45.4624,8.29,4.8,0
1973-10-01,45.6,6.79,45.847,7.22,4.6,0
1973-11-01,45.9,6.73,46.0553,7.83,4.8,0
1973-12-01,46.3,6.74,45.923,7.45,4.9,1
1974-01-01,46.8,6.99,45.6204,7.77,5.1,1
1974-02-01,47.3,6.96,45.4759,7.12,5.2,1
1974-03-01,47.8,7.21,45.4777,7.96,5.1,1
1974-04-01,48.1,7.51,45.3451,8.33,5.1,1
1974-05-01,48.6,7.58,45.7044,8.23,5.1,1
1974-06-01,49.0,7.54,45.6238,7.9,5.4,1
1974-07-01,49.3,7.81,45.7221,7.55,5.5,1
1974-08-01,49.9,8.04,45.2366,8.96,5.5,1
1974-09-01,50.6,8.04,45.2365,8.06,5.9,1
1974-10-01,51.0,7.9,45.1133,7.46,6.0,1
1974-11-01,51.5,7.68,43.6278,7.47,6.6,1
1974-12-01,51.9,7.43,42.0533,7.15,7.2,1
1975-01-01,52.3,7.5,41.4676,6.26,8.1,1
1975-02-01,52.6,7.39,40.5165,5.5,8.1,1
1975-03-01,52.8,7.73,40.0638,5.49,8.6,1
1975-04-01,53.0,8.23,40.1573,5.61,8.8,0
1975-05-01,53.1,8.06,40.0253,5.23,9.0,0
1975-06-01,53.5,7.86,40.2772,5.34,8.8,0
1975-07-01,54.0,8.06,40.6994,6.13,8.6,0
1975-08-01,54.2,8.4,41.0998,6.44,8.4,0
1975-09-01,54.6,8.43,41.6304,6.42,8.4,0
1975-10-01,54.9,8.14,41.8135,5.96,8.4,0
1975-11-01,55.3,8.05,41.8697,5.48,8.3,0
1975-12-01,55.6,8.0,42.4414,5.44,8.2,0
1976-01-01,55.8,7.74,43.0012,4.87,7.9,0
1976-02-01,55.9,7.79,43.4229,4.88,7.7,0
1976-03-01,56.0,7.73,43.5168,5.0,7.6,0
1976-04-01,56.1,7.56,43.7327,4.86,7.7,0
1976-05-01,56.4,7.9,43.9186,5.2,7.4,0
1976-06-01,56.7,7.86,43.9637,5.41,7.6,0
1976-07-01,57.0,7.83,44.2141,5.23,7.8,0
1976-08-01,57.3,7.77,44.5182,5.14,7.8,0
1976-09-01,57.6,7.59,44.6721,5.08,7.6,0
1976-10-01,57.9,7.41,44.6585,4.92,7.7,0
1976-11-01,58.1,7.29,45.3392,4.75,7.8,0
1976-12-01,58.4,6.87,45.8294,4.35,7.8,0
1977-01-01,58.7,7.21,45.5087,4.62,7.5,0
1977-02-01,59.3,7.39,46.2277,4.67,7.6,0
1977-03-01,59.6,7.46,46.8185,4.6,7.4,0
1977-04-01,60.0,7.37,47.2684,4.54,7.2,0
1977-05-01,60.2,7.46,47.6411,4.96,7.0,0
1977-06-01,60.5,7.28,48.0116,5.02,7.2,0
1977-07-01,60.8,7.33,48.073,5.19,6.9,0
1977-08-01,61.1,7.4,48.1205,5.49,7.0,0
1977-09-01,61.3,7.34,48.3189,5.81,6.8,0
1977-10-01,61.6,7.52,48.3871,6.16,6.8,0
1977-11-01,62.0,7.58,48.4761,6.1,6.8,0
1977-12-01,62.3,7.69,48.5629,6.07,6.4,0
1978-01-01,62.7,7.96,47.8481,6.44,6.4,0
1978-02-01,63.0,8.03,48.1044,6.45,6.3,0
1978-03-01,63.4,8.04,49.0265,6.29,6.3,0
1978-04-01,63.9,8.15,50.0206,6.29,6.1,0
1978-05-01,64.5,8.35,50.254,6.41,6.0,0
1978-06-01,65.0,8.46,50.5801,6.73,5.9,0
1978-07-01,65.5,8.64,50.5384,7.01,6.2,0
1978-08-01,65.9,8.41,50.7458,7.08,5.9,0
1978-09-01,66.5,8.42,50.8744,7.85,6.0,0
1978-10-01,67.1,8.64,51.2559,7.99,5.8,0
1978-11-01,67.5,8.81,51.6514,8.64,5.9,0
1978-12-01,67.9,9.01,51.909,9.08,6.0,0
1979-01-01,68.5,9.1,51.6278,9.35,5.9,0
1979-02-01,69.2,9.1,51.8752,9.32,5.9,0
1979-03-01,69.9,9.12,52.0446,9.48,5.8,0
1979-04-01,70.6,9.18,51.4193,9.46,5.8,0
1979-05-01,71.4,9.25,51.8856,9.61,5.6,0
1979-06-01,72.2,8.91,51.8965,9.06,5.7,0
1979-07-01,73.0,8.95,51.8097,9.24,5.7,0
1979-08-01,73.7,9.03,51.4684,9.52,6.0,0
1979-09-01,74.4,9.33,51.4597,10.26,5.9,0
1979-10-01,75.2,10.3,51.8334,11.7,6.0,0
1979-11-01,76.0,10.65,51.7531,11.79,5.9,0
1979-12-01,76.9,10.39,51.7878,12.04,6.0,0
1980-01-01,78.0,10.8,52.0679,12.0,6.3,0
1980-02-01,79.0,12.41,52.082,12.86,6.3,1
1980-03-01,80.1,12.75,51.87,15.2,6.3,1
1980-04-01,80.9,11.47,50.8397,13.2,6.9,1
1980-05-01,81.7,10.18,49.589,8.58,7.5,1
1980-06-01,82.5,9.78,48.9482,7.07,7.6,1
1980-07-01,82.6,10.25,48.6039,8.06,7.8,1
1980-08-01,83.2,11.1,48.7563,9.13,7.7,0
1980-09-01,83.9,11.51,49.5608,10.27,7.5,0
1980-10-01,84.7,11.75,50.1908,11.62,7.5,0
1980-11-01,85.6,12.68,51.0311,13.73,7.5,0
1980-12-01,86.4,12.84,51.3708,15.49,7.2,0
1981-01-01,87.2,12.57,51.0415,15.02,7.5,0
1981-02-01,88.0,13.19,50.824,14.79,7.4,0
1981-03-01,88.6,13.12,51.0826,13.36,7.4,0
1981-04-01,89.1,13.68,50.858,13.69,7.2,0
1981-05-01,89.7,14.1,51.1495,16.3,7.5,0
1981-06-01,90.5,13.47,51.4101,14.73,7.5,0
1981-07-01,91.5,14.28,51.7471,14.95,7.2,0
1981-08-01,92.2,14.94,51.6826,15.51,7.4,1
1981-09-01,93.1,15.32,51.4337,14.7,7.6,1
1981-10-01,93.4,15.15,51.0281,13.54,7.9,1
1981-11-01,93.8,13.39,50.435,10.86,8.3,1
1981-12-01,94.1,13.72,49.8987,10.85,8.5,1
1982-01-01,94.4,14.59,48.8685,12.28,8.6,1
1982-02-01,94.7,14.43,49.8636,13.48,8.9,1
1982-03-01,94.7,13.86,49.5323,12.68,9.0,1
1982-04-01,95.0,13.87,49.075,12.7,9.3,1
1982-05-01,95.9,13.62,48.7483,12.09,9.4,1
1982-06-01,97.0,14.3,48.6214,12.47,9.6,1
1982-07-01,97.5,13.95,48.4616,11.35,9.8,1
1982-08-01,97.7,13.06,48.0192,8.68,9.8,1
1982-09-01,97.7,12.34,47.9008,7.92,10.1,1
1982-10-01,98.1,10.91,47.4371,7.71,10.4,1
1982-11-01,98.0,10.55,47.283,8.07,10.8,1
1982-12-01,97.7,10.54,46.9485,7.94,10.8,0
1983-01-01,97.9,10.46,47.8234,7.86,10.4,0
1983-02-01,98.0,10.72,47.5233,8.11,10.4,0
1983-03-01,98.1,10.51,47.9244,8.35,10.3,0
1983-04-01,98.8,10.4,48.5311,8.21,10.2,0
1983-05-01,99.2,10.38,48.8239,8.19,10.1,0
1983-06-01,99.4,10.85,49.123,8.79,10.1,0
1983-07-01,99.8,11.38,49.8546,9.08,9.4,0
1983-08-01,100.1,11.85,50.4443,9.34,9.5,0
1983-09-01,100.4,11.65,51.178,9.0,9.2,0
1983-10-01,100.8,11.54,51.5693,8.64,8.8,0
1983-11-01,101.1,11.69,51.7993,8.76,8.5,0
1983-12-01,101.4,11.83,52.0594,9.0,8.3,0
1984-01-01,102.1,11.67,53.0985,8.9,8.0,0
1984-02-01,102.6,11.84,53.3318,9.09,7.8,0
1984-03-01,102.9,12.32,53.5929,9.52,7.8,0
1984-04-01,103.3,12.63,53.91,9.69,7.7,0
1984-05-01,103.5,13.41,54.2026,9.83,7.4,0
1984-06-01,103.7,13.56,54.4014,9.87,7.2,0
1984-07-01,104.1,13.36,54.5521,10.12,7.5,0
1984-08-01,104.4,12.72,54.6083,10.47,7.5,0
1984-09-01,104.7,12.52,54.4466,10.37,7.3,0
1984-10-01,105.1,12.16,54.4406,9.74,7.4,0
1984-11-01,105.3,11.57,54.624,8.61,7.2,0
1984-12-01,105.5,11.5,54.6416,8.06,7.3,0
1985-01-01,105.7,11.38,54.6322,7.76,7.3,0
1985-02-01,106.3,11.51,54.7825,8.27,7.2,0
1985-03-01,106.8,11.86,54.8653,8.52,7.2,0
1985-04-01,107.0,11.43,54.7459,7.95,7.3,0
1985-05-01,107.2,10.85,54.8255,7.48,7.2,0
1985-06-01,107.5,10.16,54.7989,6.95,7.4,0
1985-07-01,107.7,10.31,54.5396,7.08,7.4,0
1985-08-01,107.9,10.33,54.7055,7.14,7.1,0
1985-09-01,108.1,10.37,54.8906,7.1,7.1,0
1985-10-01,108.5,10.24,54.7199,7.16,7.1,0
1985-11-01,109.0,9.78,54.9124,7.24,7.0,0
1985-12-01,109.5,9.26,55.4412,7.1,7.0,0
1986-01-01,109.9,9.19,55.7481,7.07,6.7,0
1986-02-01,109.7,8.7,55.3568,7.06,7.2,0
1986-03-01,109.1,7.78,54.9625,6.56,7.2,0
1986-04-01,108.7,7.3,55.0413,6.06,7.1,0
1986-05-01,109.0,7.71,55.1226,6.15,7.2,0
1986-06-01,109.4,7.8,54.9005,6.21,7.2,0
1986-07-01,109.5,7.3,55.2592,5.83,7.0,0
1986-08-01,109.6,7.17,55.1567,5.53,6.9,0
1986-09-01,110.0,7.45,55.2975,5.21,7.0,0
1986-10-01,110.2,7.43,55.5332,5.18,7.0,0
1986-11-01,110.4,7.25,55.7557,5.35,6.9,0
1986-12-01,110.8,7.11,56.2845,5.53,6.6,0
1987-01-01,111.4,7.08,56.0882,5.43,6.6,0
1987-02-01,111.8,7.25,56.8275,5.59,6.6,0
1987-03-01,112.2,7.25,56.9098,5.59,6.6,0
1987-04-01,112.7,8.02,57.2701,5.64,6.3,0
1987-05-01,113.0,8.61,57.6322,5.66,6.3,0
1987-06-01,113.5,8.4,57.9307,5.67,6.2,0
1987-07-01,113.8,8.45,58.3258,5.69,6.1,0
1987-08-01,114.3,8.76,58.7636,6.04,6.0,0
1987-09-01,114.7,9.42,58.9951,6.4,5.9,0
1987-10-01,115.0,9.52,59.781,6.13,6.0,0
1987-11-01,115.4,8.86,60.0726,5.69,5.8,0
1987-12-01,115.6,8.99,60.4095,5.77,5.7,0
1988-01-01,116.0,8.67,60.3976,5.81,5.7,0
1988-02-01,116.2,8.21,60.7003,5.66,5.7,0
1988-03-01,116.5,8.37,60.8501,5.7,5.7,0
1988-04-01,117.2,8.72,61.2031,5.91,5.4,0
1988-05-01,117.5,9.09,61.0797,6.26,5.6,0
1988-06-01,118.0,8.92,61.2569,6.46,5.4,0
1988-07-01,118.5,9.06,61.2659,6.73,5.4,0
1988-08-01,119.0,9.26,61.5731,7.06,5.6,0
1988-09-01,119.5,8.98,61.3807,7.24,5.4,0
1988-10-01,119.9,8.8,61.6453,7.35,5.4,0
1988-11-01,120.3,8.96,61.7944,7.76,5.3,0
1988-12-01,120.7,9.11,62.0743,8.07,5.3,0
1989-01-01,121.2,9.09,62.2574,8.27,5.4,0
1989-02-01,121.6,9.17,61.9819,8.53,5.2,0
1989-03-01,122.2,9.36,62.1369,8.82,5.0,0
1989-04-01,123.1,9.18,62.1276,8.65,5.2,0
1989-05-01,123.7,8.86,61.7744,8.43,5.2,0
1989-06-01,124.1,8.28,61.7697,8.15,5.3,0
1989-07-01,124.5,8.02,61.1738,7.88,5.2,0
1989-08-01,124.5,8.11,61.7732,7.9,5.2,0
1989-09-01,124.8,8.19,61.5796,7.75,5.3,0
1989-10-01,125.4,8.01,61.4966,7.64,5.3,0
1989-11-01,125.9,7.87,61.7044,7.69,5.4,0
1989-12-01,126.3,7.84,62.0428,7.63,5.4,0
1990-01-01,127.5,8.21,61.729,7.64,5.4,0
1990-02-01,128.0,8.47,62.2896,7.74,5.3,0
1990-03-01,128.6,8.59,62.5999,7.9,5.2,0
1990-04-01,128.9,8.79,62.4359,7.77,5.4,0
1990-05-01,129.1,8.76,62.6258,7.74,5.4,0
1990-06-01,129.9,8.48,62.8382,7.73,5.2,0
1990-07-01,130.5,8.47,62.7284,7.62,5.5,0
1990-08-01,131.6,8.75,62.9475,7.45,5.7,1
1990-09-01,132.5,8.89,62.9523,7.36,5.9,1
1990-10-01,133.4,8.72,62.5845,7.17,5.9,1
1990-11-01,133.7,8.39,61.7887,7.06,6.2,1
1990-12-01,134.2,8.08,61.3352,6.74,6.3,1
1991-01-01,134.7,8.09,61.1355,6.22,6.4,1
1991-02-01,134.8,7.85,60.6838,5.94,6.6,1
1991-03-01,134.8,8.11,60.3346,5.91,6.8,1
1991-04-01,135.1,8.04,60.4938,5.65,6.7,0
1991-05-01,135.6,8.07,61.0633,5.46,6.9,0
1991-06-01,136.0,8.28,61.5581,5.57,6.9,0
1991-07-01,136.2,8.27,61.7305,5.58,6.8,0
1991-08-01,136.6,7.9,61.7298,5.33,6.9,0
1991-09-01,137.0,7.65,62.2195,5.22,6.9,0
1991-10-01,137.2,7.53,62.1855,4.99,7.0,0
1991-11-01,137.8,7.42,62.0871,4.56,7.0,0
1991-12-01,138.2,7.09,61.7852,4.07,7.3,0
1992-01-01,138.3,7.03,61.4616,3.8,7.3,0
1992-02-01,138.6,7.34,61.8955,3.84,7.4,0
1992-03-01,139.1,7.54,62.4232,4.04,7.4,0
1992-04-01,139.4,7.48,62.897,3.75,7.4,0
1992-05-01,139.7,7.39,63.104,3.63,7.6,0
1992-06-01,140.1,7.26,63.1363,3.66,7.8,0
1992-07-01,140.5,6.84,63.7176,3.21,7.7,0
1992-08-01,140.8,6.59,63.3613,3.13,7.6,0
1992-09-01,141.1,6.42,63.5703,2.91,7.6,0
1992-10-01,141.7,6.59,63.9995,2.86,7.3,0
1992-11-01,142.1,6.87,64.2422,3.13,7.4,0
1992-12-01,142.3,6.77,64.3507,3.22,7.4,0
1993-01-01,142.8,6.6,64.5978,3.0,7.3,0
1993-02-01,143.1,6.26,64.9089,2.93,7.1,0
1993-03-01,143.3,5.98,64.8522,2.95,7.0,0
1993-04-01,143.8,5.97,65.0301,2.87,7.1,0
1993-05-01,144.2,6.04,64.784,2.96,7.1,0
1993-06-01,144.3,5.96,64.9301,3.07,7.0,0
1993-07-01,144.5,5.81,65.1052,3.04,6.9,0
1993-08-01,144.8,5.68,65.0267,3.02,6.8,0
1993-09-01,145.0,5.36,65.3717,2.95,6.7,0
1993-10-01,145.6,5.33,65.8509,3.02,6.8,0
1993-11-01,146.0,5.72,66.1518,3.1,6.6,0
1993-12-01,146.3,5.77,66.5436,3.06,6.5,0
1994-01-01,146.3,5.75,66.7351,2.98,6.6,0
1994-02-01,146.7,5.97,66.774,3.25,6.6,0
1994-03-01,147.1,6.48,67.4552,3.5,6.5,0
1994-04-01,147.2,6.97,67.8541,3.68,6.4,0
1994-05-01,147.5,7.18,68.1663,4.14,6.1,0
1994-06-01,147.9,7.1,68.6265,4.14,6.1,0
1994-07-01,148.4,7.3,68.7178,4.33,6.1,0
1994-08-01,149.0,7.24,69.1785,4.48,6.0,0
1994-09-01,149.3,7.46,69.3961,4.62,5.9,0
1994-10-01,149.4,7.74,69.9544,4.95,5.8,0
1994-11-01,149.8,7.96,70.4326,5.29,5.6,0
1994-12-01,150.1,7.81,71.1523,5.6,5.5,0
1995-01-01,150.5,7.78,71.2734,5.71,5.6,0
1995-02-01,150.9,7.47,71.193,5.77,5.4,0
1995-03-01,151.2,7.2,71.3113,5.73,5.4,0
1995-04-01,151.8,7.06,71.1882,5.65,5.8,0
1995-05-01,152.1,6.63,71.5378,5.67,5.6,0
1995-06-01,152.4,6.17,71.7749,5.47,5.6,0
1995-07-01,152.6,6.28,71.4748,5.42,5.7,0
1995-08-01,152.9,6.49,72.4223,5.4,5.7,0
1995-09-01,153.1,6.2,72.7144,5.28,5.6,0
1995-10-01,153.5,6.04,72.5866,5.28,5.5,0
1995-11-01,153.7,5.93,72.7779,5.36,5.6,0
1995-12-01,153.9,5.71,73.0305,5.14,5.6,0
1996-01-01,154.7,5.65,72.6125,5.0,5.6,0
1996-02-01,155.0,5.81,73.6752,4.83,5.5,0
1996-03-01,155.5,6.27,73.585,4.96,5.5,0
1996-04-01,156.1,6.51,74.3172,4.95,5.6,0
1996-05-01,156.4,6.74,74.8726,5.02,5.6,0
1996-06-01,156.7,6.91,75.4433,5.09,5.3,0
1996-07-01,157.0,6.87,75.4549,5.15,5.5,0
1996-08-01,157.2,6.64,75.8411,5.05,5.1,0
1996-09-01,157.7,6.83,76.3158,5.09,5.2,0
1996-10-01,158.2,6.53,76.3384,4.99,5.2,0
1996-11-01,158.7,6.2,77.0397,5.03,5.4,0
1996-12-01,159.1,6.3,77.5333,4.91,5.4,0
1997-01-01,159.4,6.58,77.6562,5.03,5.3,0
1997-02-01,159.7,6.42,78.5833,5.01,5.2,0
1997-03-01,159.8,6.69,79.082,5.14,5.2,0
1997-04-01,159.9,6.89,79.1747,5.16,5.1,0
1997-05-01,159.9,6.71,79.6133,5.05,4.9,0
1997-06-01,160.2,6.49,79.9792,4.93,5.0,0
1997-07-01,160.4,6.22,80.6624,5.05,4.9,0
1997-08-01,160.8,6.3,81.4694,5.14,4.8,0
1997-09-01,161.2,6.21,82.2156,4.95,4.9,0
1997-10-01,161.5,6.03,82.9446,4.97,4.7,0
1997-11-01,161.7,5.88,83.5978,5.14,4.6,0
1997-12-01,161.8,5.81,83.9538,5.16,4.7,0
1998-01-01,162.0,5.54,84.3218,5.04,4.6,0
1998-02-01,162.0,5.57,84.4583,5.09,4.6,0
1998-03-01,162.0,5.65,84.488,5.03,4.7,0
1998-04-01,162.2,5.64,84.7779,4.95,4.3,0
1998-05-01,162.6,5.65,85.3367,5.0,4.4,0
1998-06-01,162.8,5.5,84.8248,4.98,4.5,0
1998-07-01,163.2,5.46,84.4986,4.96,4.5,0
1998-08-01,163.4,5.34,86.248,4.9,4.5,0
1998-09-01,163.5,4.81,86.2021,4.61,4.6,0
1998-10-01,163.9,4.53,86.7914,3.96,4.5,0
1998-11-01,164.1,4.83,86.7256,4.41,4.4,0
1998-12-01,164.4,4.65,87.1185,4.39,4.4,0
1999-01-01,164.7,4.72,87.4949,4.34,4.3,0
1999-02-01,164.7,5.0,88.027,4.44,4.4,0
1999-03-01,164.8,5.23,88.2267,4.44,4.2,0
1999-04-01,165.9,5.18,88.4295,4.29,4.3,0
1999-05-01,166.0,5.54,88.9886,4.5,4.2,0
1999-06-01,166.0,5.9,88.9188,4.57,4.3,0
1999-07-01,166.7,5.79,89.4333,4.55,4.3,0
1999-08-01,167.1,5.94,89.7924,4.72,4.2,0
1999-09-01,167.8,5.92,89.4299,4.68,4.2,0
1999-10-01,168.1,6.11,90.523,4.86,4.1,0
1999-11-01,168.4,6.03,90.9618,5.07,4.1,0
1999-12-01,168.8,6.28,91.6634,5.2,4.0,0
2000-01-01,169.3,6.66,91.538,5.32,4.0,0
2000-02-01,170.0,6.52,91.8239,5.55,4.1,0
2000-03-01,171.0,6.26,92.1504,5.69,4.0,0
2000-04-01,170.9,5.99,92.6989,5.66,3.8,0
2000-05-01,171.2,6.44,92.9499,5.79,4.0,0
2000-06-01,172.2,6.1,92.9862,5.69,4.0,0
2000-07-01,172.7,6.05,92.8048,5.96,4.0,0
2000-08-01,172.7,5.83,92.5521,6.09,4.1,0
2000-09-01,173.6,5.8,92.9792,6.0,3.9,0
2000-10-01,173.9,5.74,92.6179,6.11,3.9,0
2000-11-01,174.2,5.72,92.6438,6.17,3.9,0
2000-12-01,174.6,5.24,92.3415,5.77,3.9,0
2001-01-01,175.6,5.16,91.902,5.15,4.2,0
2001-02-01,176.0,5.1,91.3034,4.88,4.2,0
2001-03-01,176.1,4.89,91.1162,4.42,4.3,0
2001-04-01,176.4,5.14,90.7891,3.87,4.4,1
2001-05-01,177.3,5.39,90.3555,3.62,4.3,1
2001-06-01,177.7,5.28,89.8784,3.49,4.5,1
2001-07-01,177.4,5.24,89.3028,3.51,4.6,1
2001-08-01,177.4,4.97,89.2003,3.36,4.9,1
2001-09-01,178.1,4.73,88.7485,2.64,5.0,1
2001-10-01,177.6,4.57,88.5052,2.16,5.3,1
2001-11-01,177.5,4.65,87.97,1.87,5.5,1
2001-12-01,177.4,5.09,87.9324,1.69,5.7,0
2002-01-01,177.7,5.04,88.5176,1.65,5.7,0
2002-02-01,178.0,4.91,88.5278,1.72,5.7,0
2002-03-01,178.5,5.28,89.1686,1.79,5.7,0
2002-04-01,179.3,5.21,89.604,1.71,5.9,0
2002-05-01,179.5,5.16,89.964,1.73,5.8,0
2002-06-01,179.6,4.93,90.7061,1.7,5.8,0
2002-07-01,180.0,4.65,90.6769,1.68,5.8,0
2002-08-01,180.5,4.26,90.5762,1.62,5.7,0
2002-09-01,180.8,3.87,90.6531,1.63,5.7,0
2002-10-01,181.2,3.94,90.4643,1.58,5.7,0
2002-11-01,181.5,4.05,90.9711,1.23,5.9,0
2002-12-01,181.8,4.03,90.4652,1.19,6.0,0
2003-01-01,182.6,4.05,91.2361,1.17,5.8,0
2003-02-01,183.6,3.9,91.3445,1.17,5.9,0
2003-03-01,183.9,3.81,91.1044,1.13,5.9,0
2003-04-01,183.2,3.96,90.5617,1.13,6.0,0
2003-05-01,182.9,3.57,90.537,1.07,6.1,0
2003-06-01,183.1,3.33,90.6527,0.92,6.3,0
2003-07-01,183.7,3.98,91.1185,0.9,6.2,0
2003-08-01,184.5,4.45,90.9197,0.95,6.1,0
2003-09-01,185.1,4.27,91.5059,0.94,6.1,0
2003-10-01,184.9,4.29,91.6186,0.92,6.0,0
2003-11-01,185.0,4.3,92.2329,0.93,5.8,0
2003-12-01,185.5,4.27,92.2602,0.9,5.7,0
2004-01-01,186.3,4.15,92.4006,0.88,5.7,0
2004-02-01,186.7,4.08,92.958,0.93,5.6,0
2004-03-01,187.1,3.83,92.5861,0.94,5.8,0
2004-04-01,187.4,4.35,92.93,0.94,5.6,0
2004-05-01,188.2,4.72,93.6013,1.02,5.6,0
2004-06-01,188.9,4.73,92.871,1.27,5.6,0
2004-07-01,189.1,4.5,93.5649,1.33,5.5,0
2004-08-01,189.2,4.28,93.6277,1.48,5.4,0
2004-09-01,189.8,4.13,93.7467,1.65,5.4,0
2004-10-01,190.8,4.1,94.5465,1.76,5.5,0
2004-11-01,191.7,4.19,94.7813,2.07,5.4,0
2004-12-01,191.7,4.23,95.5365,2.19,5.4,0
2005-01-01,191.6,4.22,95.8801,2.33,5.3,0
2005-02-01,192.4,4.17,96.5761,2.54,5.4,0
2005-03-01,193.1,4.5,96.4456,2.74,5.2,0
2005-04-01,193.7,4.34,96.6532,2.78,5.2,0
2005-05-01,193.6,4.14,96.7402,2.84,5.1,0
2005-06-01,193.7,4.0,97.1753,2.97,5.0,0
2005-07-01,194.9,4.18,96.8676,3.22,5.0,0
2005-08-01,196.1,4.26,97.1833,3.44,4.9,0
2005-09-01,198.8,4.2,95.3005,3.42,5.0,0
2005-10-01,199.1,4.46,96.4572,3.71,5.0,0
2005-11-01,198.1,4.54,97.5414,3.88,5.0,0
2005-12-01,198.1,4.47,98.0452,3.89,4.9,0
2006-01-01,199.3,4.42,98.1999,4.24,4.7,0
2006-02-01,199.4,4.57,98.2413,4.43,4.8,0
2006-03-01,199.7,4.72,98.4628,4.51,4.7,0
2006-04-01,200.7,4.99,98.7618,4.6,4.7,0
2006-05-01,201.3,5.11,98.7869,4.72,4.6,0
2006-06-01,201.8,5.11,99.0997,4.79,4.6,0
2006-07-01,202.9,5.09,99.0489,4.95,4.7,0
2006-08-01,203.8,4.88,99.4836,4.96,4.7,0
2006-09-01,202.8,4.72,99.3183,4.81,4.5,0
2006-10-01,201.9,4.73,99.2044,4.92,4.4,0
2006-11-01,202.0,4.6,99.1627,4.94,4.5,0
2006-12-01,203.1,4.56,100.1735,4.85,4.4,0
2007-01-01,203.437,4.76,99.8346,4.98,4.6,0
2007-02-01,204.226,4.72,100.7753,5.03,4.5,0
2007-03-01,205.288,4.56,100.9547,4.94,4.4,0
2007-04-01,205.904,4.69,101.6334,4.87,4.5,0
2007-05-01,206.755,4.75,101.7306,4.73,4.4,0
2007-06-01,207.234,5.1,101.7893,4.61,4.6,0
2007-07-01,207.603,5.0,101.6672,4.82,4.7,0
2007-08-01,207.667,4.67,101.863,4.2,4.6,0
2007-09-01,208.547,4.52,102.0894,3.89,4.7,0
2007-10-01,209.19,4.53,101.8015,3.9,4.7,0
2007-11-01,210.834,4.15,102.3446,3.27,4.7,0
2007-12-01,211.445,4.1,102.3803,3.0,5.0,0
2008-01-01,212.174,3.74,102.2448,2.75,5.0,1
2008-02-01,212.687,3.74,101.8438,2.12,4.9,1
2008-03-01,213.448,3.51,101.5336,1.26,5.1,1
2008-04-01,213.942,3.68,100.8785,1.29,5.0,1
2008-05-01,215.208,3.88,100.2674,1.73,5.4,1
2008-06-01,217.463,4.1,100.0335,1.86,5.6,1
2008-07-01,219.016,4.01,99.676,1.63,5.8,1
2008-08-01,218.69,3.89,98.1111,1.72,6.1,1
2008-09-01,218.877,3.69,93.7895,1.13,6.1,1
2008-10-01,216.995,3.81,94.7219,0.67,6.5,1
2008-11-01,213.153,3.53,93.4715,0.19,6.8,1
2008-12-01,211.398,2.42,90.8357,0.03,7.3,1
2009-01-01,211.933,2.52,88.57,0.13,7.8,1
2009-02-01,212.705,2.87,88.031,0.3,8.3,1
2009-03-01,212.495,2.82,86.6528,0.21,8.7,1
2009-04-01,212.709,2.93,85.9344,0.16,9.0,1
2009-05-01,213.022,3.29,85.0665,0.18,9.4,1
2009-06-01,214.79,3.72,84.7459,0.18,9.5,1
2009-07-01,214.726,3.56,85.7027,0.18,9.5,0
2009-08-01,215.445,3.59,86.6426,0.17,9.6,0
2009-09-01,215.861,3.4,87.4063,0.12,9.8,0
2009-10-01,216.509,3.39,87.6419,0.07,10.0,0
2009-11-01,217.234,3.4,88.0221,0.05,9.9,0
2009-12-01,217.347,3.59,88.3793,0.05,9.9,0
2010-01-01,217.488,3.73,89.3426,0.06,9.8,0
2010-02-01,217.281,3.69,89.6779,0.11,9.8,0
2010-03-01,217.353,3.73,90.2928,0.15,9.9,0
2010-04-01,217.403,3.85,90.5991,0.16,9.9,0
2010-05-01,217.29,3.42,91.823,0.16,9.6,0
2010-06-01,217.199,3.2,91.9928,0.12,9.4,0
2010-07-01,217.605,3.01,92.3421,0.16,9.4,0
2010-08-01,217.923,2.7,92.6805,0.16,9.5,0
2010-09-01,218.275,2.65,92.9537,0.15,9.5,0
2010-10-01,219.035,2.54,92.6903,0.13,9.4,0
2010-11-01,219.59,2.76,92.7709,0.14,9.8,0
2010-12-01,220.472,3.29,93.6787,0.14,9.3,0
2011-01-01,221.187,3.39,93.4814,0.15,9.1,0
2011-02-01,221.898,3.58,93.1102,0.13,9.0,0
2011-03-01,223.046,3.41,94.0788,0.1,9.0,0
2011-04-01,224.093,3.46,93.7749,0.06,9.1,0
2011-05-01,224.806,3.17,93.888,0.04,9.0,0
2011-06-01,224.806,3.0,94.172,0.04,9.1,0
2011-07-01,225.395,3.0,94.636,0.04,9.0,0
2011-08-01,226.106,2.3,95.2749,0.02,9.0,0
2011-09-01,226.597,1.98,95.1961,0.01,9.0,0
2011-10-01,226.75,2.15,95.8568,0.02,8.8,0
2011-11-01,227.169,2.01,95.8485,0.01,8.6,0
2011-12-01,227.223,1.98,96.3571,0.01,8.5,0
2012-01-01,227.842,1.97,96.9318,0.03,8.3,0
2012-02-01,228.329,1.97,97.2435,0.09,8.3,0
2012-03-01,228.807,2.17,96.74,0.08,8.2,0
2012-04-01,229.187,2.05,97.4359,0.08,8.2,0
2012-05-01,228.713,1.8,97.6609,0.09,8.2,0
2012-06-01,228.524,1.62,97.6663,0.09,8.2,0
2012-07-01,228.59,1.53,97.8713,0.1,8.2,0
2012-08-01,229.918,1.68,97.4525,0.1,8.1,0
2012-09-01,231.015,1.72,97.381,0.11,7.8,0
2012-10-01,231.638,1.75,97.7193,0.1,7.8,0
2012-11-01,231.249,1.65,98.0777,0.09,7.7,0
2012-12-01,231.221,1.72,98.3101,0.07,7.9,0
2013-01-01,231.679,1.91,98.3342,0.07,8.0,0
2013-02-01,232.937,1.98,98.7941,0.1,7.7,0
2013-03-01,232.282,1.96,99.1921,0.09,7.5,0
2013-04-01,231.797,1.76,99.1065,0.06,7.6,0
2013-05-01,231.893,1.93,99.1839,0.04,7.5,0
2013-06-01,232.445,2.3,99.3897,0.05,7.5,0
2013-07-01,232.9,2.58,99.0814,0.04,7.3,0
2013-08-01,233.456,2.74,99.6543,0.04,7.2,0
2013-09-01,233.544,2.81,100.161,0.02,7.2,0
2013-10-01,233.669,2.62,100.082,0.05,7.2,0
2013-11-01,234.1,2.72,100.3158,0.07,6.9,0
2013-12-01,234.719,2.9,100.5175,0.07,6.7,0
2014-01-01,235.288,2.86,100.1599,0.04,6.6,0
2014-02-01,235.547,2.71,100.9168,0.05,6.7,0
2014-03-01,236.028,2.72,101.8942,0.05,6.7,0
2014-04-01,236.468,2.71,101.9928,0.03,6.2,0
2014-05-01,236.918,2.56,102.3836,0.03,6.3,0
2014-06-01,237.231,2.6,102.735,0.04,6.1,0
2014-07-01,237.498,2.54,102.9632,0.03,6.2,0
2014-08-01,237.46,2.42,102.7688,0.03,6.1,0
2014-09-01,237.477,2.53,103.0641,0.02,5.9,0
2014-10-01,237.43,2.3,103.0764,0.02,5.7,0
2014-11-01,236.983,2.33,103.7126,0.02,5.8,0
2014-12-01,236.252,2.21,103.7044,0.03,5.6,0
2015-01-01,234.747,1.88,102.8905,0.03,5.7,0
2015-02-01,235.342,1.98,102.2335,0.02,5.5,0
2015-03-01,235.976,2.04,101.8914,0.03,5.4,0
2015-04-01,236.222,1.94,101.3355,0.02,5.4,0
2015-05-01,237.001,2.2,100.8883,0.02,5.6,0
2015-06-01,237.657,2.36,100.571,0.02,5.3,0
2015-07-01,238.034,2.32,101.2228,0.03,5.2,0
2015-08-01,238.033,2.17,101.0367,0.07,5.1,0
2015-09-01,237.498,2.17,100.7547,0.02,5.0,0
2015-10-01,237.733,2.07,100.2675,0.02,5.0,0
2015-11-01,238.017,2.26,99.5298,0.12,5.1,0
2015-12-01,237.761,2.24,99.0417,0.23,5.0,0
2016-01-01,237.652,2.09,99.5607,0.26,4.8,0
2016-02-01,237.336,1.78,99.0445,0.31,4.9,0
2016-03-01,238.08,1.89,98.3096,0.29,5.0,0
2016-04-01,238.992,1.81,98.6421,0.23,5.1,0
2016-05-01,239.557,1.81,98.4184,0.27,4.8,0
2016-06-01,240.222,1.64,98.8833,0.27,4.9,0
2016-07-01,240.101,1.5,98.9992,0.3,4.8,0
2016-08-01,240.545,1.56,98.85,0.3,4.9,0
2016-09-01,241.176,1.63,98.7457,0.29,5.0,0
2016-10-01,241.741,1.76,98.7611,0.33,4.9,0
2016-11-01,242.026,2.14,98.3491,0.45,4.7,0
2016-12-01,242.637,2.49,99.0214,0.51,4.7,0
2017-01-01,243.618,2.43,98.7611,0.51,4.7,0
2017-02-01,244.006,2.42,98.3646,0.52,4.6,0
2017-03-01,243.892,2.48,99.0137,0.74,4.4,0
2017-04-01,244.193,2.3,100.0224,0.8,4.4,0
2017-05-01,244.004,2.3,100.1408,0.89,4.4,0
2017-06-01,244.163,2.19,100.3471,0.98,4.3,0
2017-07-01,244.243,2.32,100.1068,1.07,4.3,0
2017-08-01,245.183,2.21,99.6925,1.01,4.4,0
2017-09-01,246.435,2.2,99.7954,1.03,4.3,0
2017-10-01,246.626,2.36,101.0247,1.07,4.2,0
2017-11-01,247.284,2.35,101.2664,1.23,4.2,0
2017-12-01,247.805,2.4,101.4644,1.32,4.1,0
2018-01-01,248.859,2.58,101.4625,1.41,4.0,0
2018-02-01,249.529,2.86,101.7085,1.57,4.1,0
2018-03-01,249.577,2.84,102.2067,1.7,4.0,0
2018-04-01,250.227,2.87,103.3329,1.76,4.0,0
2018-05-01,250.792,2.98,102.4024,1.86,3.8,0
2018-06-01,251.018,2.91,103.198,1.9,4.0,0
2018-07-01,251.214,2.89,103.3646,1.96,3.8,0
2018-08-01,251.663,2.89,104.0327,2.03,3.8,0
2018-09-01,252.182,3.0,104.1004,2.13,3.7,0
2018-10-01,252.772,3.15,103.9856,2.25,3.8,0
2018-11-01,252.594,3.12,104.0681,2.33,3.8,0
2018-12-01,252.767,2.83,104.0936,2.37,3.9,0
2019-01-01,252.561,2.71,103.4021,2.37,4.0,0
2019-02-01,253.319,2.68,102.8371,2.39,3.8,0
2019-03-01,254.277,2.57,102.8757,2.4,3.8,0
2019-04-01,255.233,2.53,102.274,2.38,3.7,0
2019-05-01,255.296,2.4,102.392,2.35,3.6,0
2019-06-01,255.213,2.07,102.4375,2.17,3.6,0
2019-07-01,255.802,2.06,101.9408,2.1,3.7,0
2019-08-01,256.036,1.63,102.639,1.95,3.6,0
2019-09-01,256.43,1.7,102.2917,1.89,3.5,0
2019-10-01,257.155,1.71,101.4281,1.65,3.6,0
2019-11-01,257.879,1.81,101.9372,1.54,3.6,0
2019-12-01,258.63,1.86,101.7003,1.54,3.6,0
2020-01-01,259.127,1.76,101.0338,1.52,3.6,0
2020-02-01,259.25,1.5,101.3735,1.52,3.5,0
2020-03-01,258.076,0.87,97.4078,0.29,4.4,1
2020-04-01,256.032,0.66,84.5619,0.14,14.8,1
2020-05-01,255.802,0.67,85.9604,0.13,13.2,0
2020-06-01,257.042,0.73,91.5934,0.16,11.0,0
2020-07-01,258.352,0.62,95.0256,0.13,10.2,0
2020-08-01,259.316,0.65,95.9549,0.1,8.4,0
2020-09-01,259.997,0.68,95.9669,0.11,7.8,0
2020-10-01,260.319,0.79,96.7394,0.1,6.9,0
2020-11-01,260.911,0.87,97.0816,0.09,6.7,0
2020-12-01,262.045,0.93,98.363,0.09,6.7,0
2021-01-01,262.687,1.08,98.8822,0.08,6.4,0
2021-02-01,263.579,1.26,95.6149,0.04,6.2,0
2021-03-01,264.961,1.61,98.3856,0.03,6.1,0
2021-04-01,266.614,1.64,98.5587,0.02,6.1,0
2021-05-01,268.383,1.62,99.4333,0.02,5.8,0
2021-06-01,270.654,1.52,99.7987,0.04,5.9,0
2021-07-01,271.903,1.32,100.2519,0.05,5.4,0
2021-08-01,272.676,1.28,100.0437,0.05,5.1,0
2021-09-01,273.91,1.37,98.8579,0.04,4.7,0
2021-10-01,276.55,1.58,100.1861,0.05,4.5,0
2021-11-01,278.919,1.56,100.8654,0.05,4.1,0
2021-12-01,280.845,1.47,100.5726,0.06,3.9,0
2022-01-01,282.543,1.76,100.1856,0.15,4.0,0
2022-02-01,284.5,1.93,100.8064,0.33,3.9,0
2022-03-01,287.674,2.13,101.3907,0.44,3.7,0
2022-04-01,288.561,2.75,101.44,0.76,3.7,0
2022-05-01,291.298,2.9,101.3335,0.98,3.6,0
2022-06-01,294.957,3.14,101.018,1.49,3.6,0
2022-07-01,294.913,2.9,101.223,2.23,3.5,0
2022-08-01,295.097,2.9,101.0963,2.63,3.6,0
2022-09-01,296.349,3.52,101.2918,3.13,3.5,0
2022-10-01,298.007,3.98,101.2529,3.72,3.6,0
2022-11-01,298.786,3.89,100.9552,4.15,3.6,0
2022-12-01,298.832,3.62,99.7664,4.25,3.5,0
2023-01-01,300.42,3.53,100.505,4.54,3.5,0
2023-02-01,301.45,3.75,100.6416,4.65,3.6,0
2023-03-01,301.821,3.66,101.0205,4.69,3.5,0
2023-04-01,302.845,3.46,101.253,4.92,3.4,0
2023-05-01,303.334,3.57,100.9286,5.14,3.6,0
2023-06-01,304.014,3.75,100.1196,5.16,3.6,0
2023-07-01,304.609,3.9,100.9067,5.25,3.5,0
2023-08-01,306.082,4.17,100.8393,5.3,3.7,0
2023-09-01,307.276,4.38,101.0211,5.32,3.7,0
2023-10-01,307.696,4.8,100.4689,5.34,3.9,0
2023-11-01,308.148,4.5,100.8639,5.27,3.7,0
2023-12-01,308.741,4.02,100.6031,5.24,3.8,0
2024-01-01,309.698,4.06,99.2223,5.22,3.7,0
2024-02-01,310.967,4.21,100.285,5.24,3.9,0
2024-03-01,312.345,4.21,100.4575,5.24,3.9,0
2024-04-01,313.023,4.54,100.2434,5.24,3.9,0
2024-05-01,313.175,4.48,100.863,5.25,3.9,0
2024-06-01,313.044,4.31,100.894,5.24,4.1,0
2024-07-01,313.569,4.25,99.9757,5.2,4.2,0
2024-08-01,314.062,3.87,100.4309,5.05,4.2,0
2024-09-01,314.732,3.72,99.8084,4.72,4.1,0
2024-10-01,315.631,4.1,99.4695,4.51,4.1,0
2024-11-01,316.528,4.36,99.2925,4.42,4.2,0
2024-12-01,317.604,4.39,100.3273,4.27,4.1,0
2025-01-01,318.961,4.63,100.0647,4.21,4.0,0
2025-02-01,319.679,4.45,101.0993,4.22,4.2,0
2025-03-01,319.785,4.28,101.0404,4.2,4.2,0
2025-04-01,320.302,4.28,101.1279,4.21,4.2,0
2025-05-01,320.62,4.42,100.9655,4.25,4.3,0
2025-06-01,321.435,4.38,101.4785,4.23,4.1,0
2025-07-01,322.169,4.39,101.894,4.25,4.3,0
2025-08-01,323.291,4.26,101.6247,4.12,4.3,0
2025-09-01,324.245,4.12,101.7059,3.92,4.4,0
2025-10-01,324.245,4.06,101.257,3.82,4.4,0
2025-11-01,325.063,4.09,101.3775,3.78,4.5,0
2025-12-01,326.031,4.14,101.6296,3.59,4.4,0
2026-01-01,326.588,4.21,102.3412,3.57,4.3,0
